id;identifiant;mot_de_passe;tel;address
1;reciprocal withdrawal;synthesize compressing;"7579482373";foreground XSS engage
2;a interfaces;Handcrafted iterate PNG;"6882447508";c
3;Licensed;uniform content;"8121149066";Savings grey connect
4;Licensed;Handmade;"6295249689";orange
5;hub encoding Canada;b a;"6714598882";migration Plastic Small
6;Automotive Fantastic Ball;Pants;"5351279356";Manager metrics
7;optical Rh√¥ne-Alpes;invoice Rubber b;"6000764994";cutting-edge Account
8;copying viral systems;invoice cohesive;"5318654518";c
9;reintermediate e-business Loan;Shoes;"7197667631";leading-edge synthesize Money
10;bus;drive;"5615536548";cyan Account
