id;url;produit_id
1;https://images.unsplash.com/photo-1613043547055-4efe0dfa9814?crop=entropy&cs=tinysrgb&fit=max&fm=jpg&ixid=M3w1MzUzODl8MHwxfHJhbmRvbXx8fHx8fHx8fDE3MDE0MzA3MjF8&ixlib=rb-4.0.3&q=80&w=1080;20
2;https://images.unsplash.com/photo-1575405972298-6fc944e854a5?crop=entropy&cs=tinysrgb&fit=max&fm=jpg&ixid=M3w1MzUzODl8MHwxfHJhbmRvbXx8fHx8fHx8fDE3MDE0MzA3MjF8&ixlib=rb-4.0.3&q=80&w=1080;8
3;https://images.unsplash.com/photo-1620354599717-70353d8e0e20?crop=entropy&cs=tinysrgb&fit=max&fm=jpg&ixid=M3w1MzUzODl8MHwxfHJhbmRvbXx8fHx8fHx8fDE3MDE0MzA3MjJ8&ixlib=rb-4.0.3&q=80&w=1080;35
4;https://images.unsplash.com/photo-1623625434462-e5e42318ae49?crop=entropy&cs=tinysrgb&fit=max&fm=jpg&ixid=M3w1MzUzODl8MHwxfHJhbmRvbXx8fHx8fHx8fDE3MDE0MzA3MjJ8&ixlib=rb-4.0.3&q=80&w=1080;11
5;https://images.unsplash.com/photo-1556048219-bb6978360b84?crop=entropy&cs=tinysrgb&fit=max&fm=jpg&ixid=M3w1MzUzODl8MHwxfHJhbmRvbXx8fHx8fHx8fDE3MDE0MzA3MjN8&ixlib=rb-4.0.3&q=80&w=1080;14
6;https://images.unsplash.com/photo-1571757767119-68b8dbed8c97?crop=entropy&cs=tinysrgb&fit=max&fm=jpg&ixid=M3w1MzUzODl8MHwxfHJhbmRvbXx8fHx8fHx8fDE3MDE0MzA3MjN8&ixlib=rb-4.0.3&q=80&w=1080;15
7;https://images.unsplash.com/photo-1529650662964-3ea36e4ed456?crop=entropy&cs=tinysrgb&fit=max&fm=jpg&ixid=M3w1MzUzODl8MHwxfHJhbmRvbXx8fHx8fHx8fDE3MDE0MzA3MjR8&ixlib=rb-4.0.3&q=80&w=1080;17
8;https://images.unsplash.com/photo-1584913471394-357df3e47aee?crop=entropy&cs=tinysrgb&fit=max&fm=jpg&ixid=M3w1MzUzODl8MHwxfHJhbmRvbXx8fHx8fHx8fDE3MDE0MzA3MjR8&ixlib=rb-4.0.3&q=80&w=1080;7
9;https://images.unsplash.com/photo-1528323171441-74624897e640?crop=entropy&cs=tinysrgb&fit=max&fm=jpg&ixid=M3w1MzUzODl8MHwxfHJhbmRvbXx8fHx8fHx8fDE3MDE0MzA3MjV8&ixlib=rb-4.0.3&q=80&w=1080;21
10;https://images.unsplash.com/photo-1630883238245-5562362ca019?crop=entropy&cs=tinysrgb&fit=max&fm=jpg&ixid=M3w1MzUzODl8MHwxfHJhbmRvbXx8fHx8fHx8fDE3MDE0MzA3MjZ8&ixlib=rb-4.0.3&q=80&w=1080;14
11;https://images.unsplash.com/photo-1630883238245-5562362ca019?crop=entropy&cs=tinysrgb&fit=max&fm=jpg&ixid=M3w1MzUzODl8MHwxfHJhbmRvbXx8fHx8fHx8fDE3MDE0MzA3MjZ8&ixlib=rb-4.0.3&q=80&w=1080;14
12;https://images.unsplash.com/photo-1604644401890-0bd678c83788?crop=entropy&cs=tinysrgb&fit=max&fm=jpg&ixid=M3w1MzUzODl8MHwxfHJhbmRvbXx8fHx8fHx8fDE3MDE0MzA3MjZ8&ixlib=rb-4.0.3&q=80&w=1080;38
13;https://images.unsplash.com/photo-1636082106091-493a3696eaf4?crop=entropy&cs=tinysrgb&fit=max&fm=jpg&ixid=M3w1MzUzODl8MHwxfHJhbmRvbXx8fHx8fHx8fDE3MDE0MzA3MjZ8&ixlib=rb-4.0.3&q=80&w=1080;4
14;https://images.unsplash.com/photo-1584913471394-357df3e47aee?crop=entropy&cs=tinysrgb&fit=max&fm=jpg&ixid=M3w1MzUzODl8MHwxfHJhbmRvbXx8fHx8fHx8fDE3MDE0MzA3Mjd8&ixlib=rb-4.0.3&q=80&w=1080;33
15;https://images.unsplash.com/photo-1542108899561-eb215cf20d9f?crop=entropy&cs=tinysrgb&fit=max&fm=jpg&ixid=M3w1MzUzODl8MHwxfHJhbmRvbXx8fHx8fHx8fDE3MDE0MzA3Mjd8&ixlib=rb-4.0.3&q=80&w=1080;6
16;https://images.unsplash.com/photo-1444840535719-195841cb6e2b?crop=entropy&cs=tinysrgb&fit=max&fm=jpg&ixid=M3w1MzUzODl8MHwxfHJhbmRvbXx8fHx8fHx8fDE3MDE0MzA3Mjh8&ixlib=rb-4.0.3&q=80&w=1080;30
17;https://images.unsplash.com/photo-1576188973526-0e5d7047b0cf?crop=entropy&cs=tinysrgb&fit=max&fm=jpg&ixid=M3w1MzUzODl8MHwxfHJhbmRvbXx8fHx8fHx8fDE3MDE0MzA3Mjl8&ixlib=rb-4.0.3&q=80&w=1080;21
18;https://images.unsplash.com/photo-1630650916169-87efcfd2cd3a?crop=entropy&cs=tinysrgb&fit=max&fm=jpg&ixid=M3w1MzUzODl8MHwxfHJhbmRvbXx8fHx8fHx8fDE3MDE0MzA3MzB8&ixlib=rb-4.0.3&q=80&w=1080;23
19;https://images.unsplash.com/photo-1661108181859-c7932252796b?crop=entropy&cs=tinysrgb&fit=max&fm=jpg&ixid=M3w1MzUzODl8MHwxfHJhbmRvbXx8fHx8fHx8fDE3MDE0MzA3MzB8&ixlib=rb-4.0.3&q=80&w=1080;29
20;https://images.  unsplash.com/photo-1537673156864-5d2c72de7824?crop=entropy&cs=tinysrgb&fit=max&fm=jpg&ixid=M3w1MzUzODl8MHwxfHJhbmRvbXx8fHx8fHx8fDE3MDE0MzA3MzB8&ixlib=rb-4.0.3&q=80&w=1080;37
21;https://images.unsplash.com/photo-1574421233376-06f2ccf017f7?crop=entropy&cs=tinysrgb&fit=max&fm=jpg&ixid=M3w1MzUzODl8MHwxfHJhbmRvbXx8fHx8fHx8fDE3MDE0MzA3MzF8&ixlib=rb-4.0.3&q=80&w=1080;22
22;https://images.unsplash.com/photo-1561857283-66d55899ed56?crop=entropy&cs=tinysrgb&fit=max&fm=jpg&ixid=M3w1MzUzODl8MHwxfHJhbmRvbXx8fHx8fHx8fDE3MDE0MzA3MzF8&ixlib=rb-4.0.3&q=80&w=1080;39
23;https://images.unsplash.com/photo-1602810318383-e386cc2a3ccf?crop=entropy&cs=tinysrgb&fit=max&fm=jpg&ixid=M3w1MzUzODl8MHwxfHJhbmRvbXx8fHx8fHx8fDE3MDE0MzA3MzJ8&ixlib=rb-4.0.3&q=80&w=1080;14
24;https://images.unsplash.com/photo-1605306083141-3cca30078186?crop=entropy&cs=tinysrgb&fit=max&fm=jpg&ixid=M3w1MzUzODl8MHwxfHJhbmRvbXx8fHx8fHx8fDE3MDE0MzA3MzJ8&ixlib=rb-4.0.3&q=80&w=1080;36
25;https://images.unsplash.com/photo-1628748243729-d4c0cd38b70c?crop=entropy&cs=tinysrgb&fit=max&fm=jpg&ixid=M3w1MzUzODl8MHwxfHJhbmRvbXx8fHx8fHx8fDE3MDE0MzA3MzN8&ixlib=rb-4.0.3&q=80&w=1080;6
26;https://images.unsplash.com/photo-1572797258637-f3c994ca515a?crop=entropy&cs=tinysrgb&fit=max&fm=jpg&ixid=M3w1MzUzODl8MHwxfHJhbmRvbXx8fHx8fHx8fDE3MDE0MzA3MzN8&ixlib=rb-4.0.3&q=80&w=1080;21
27;https://images.unsplash.com/photo-1679257809469-821ab5a8a037?crop=entropy&cs=tinysrgb&fit=max&fm=jpg&ixid=M3w1MzUzODl8MHwxfHJhbmRvbXx8fHx8fHx8fDE3MDE0MzA3MzR8&ixlib=rb-4.0.3&q=80&w=1080;11
28;https://images.unsplash.com/photo-1694801461434-91a8f8ba3110?crop=entropy&cs=tinysrgb&fit=max&fm=jpg&ixid=M3w1MzUzODl8MHwxfHJhbmRvbXx8fHx8fHx8fDE3MDE0MzA3MzR8&ixlib=rb-4.0.3&q=80&w=1080;28
29;https://images.unsplash.com/photo-1604893002658-8baa294d2f9f?crop=entropy&cs=tinysrgb&fit=max&fm=jpg&ixid=M3w1MzUzODl8MHwxfHJhbmRvbXx8fHx8fHx8fDE3MDE0MzA3MzR8&ixlib=rb-4.0.3&q=80&w=1080;26
30;https://images.unsplash.com/photo-1507628178324-26c1a19985eb?crop=entropy&cs=tinysrgb&fit=max&fm=jpg&ixid=M3w1MzUzODl8MHwxfHJhbmRvbXx8fHx8fHx8fDE3MDE0MzA3MzV8&ixlib=rb-4.0.3&q=80&w=1080;39
31;https://images.unsplash.com/photo-1542792194-9208ef5958c4?crop=entropy&cs=tinysrgb&fit=max&fm=jpg&ixid=M3w1MzUzODl8MHwxfHJhbmRvbXx8fHx8fHx8fDE3MDE0MzA3MzV8&ixlib=rb-4.0.3&q=80&w=1080;10
32;https://images.unsplash.com/flagged/photo-1564228539519-4dfe919785a6?crop=entropy&cs=tinysrgb&fit=max&fm=jpg&ixid=M3w1MzUzODl8MHwxfHJhbmRvbXx8fHx8fHx8fDE3MDE0MzA3MzZ8&ixlib=rb-4.0.3&q=80&w=1080;15
33;https://images.unsplash.com/photo-1505679208891-9ab12ee61dc1?crop=entropy&cs=tinysrgb&fit=max&fm=jpg&ixid=M3w1MzUzODl8MHwxfHJhbmRvbXx8fHx8fHx8fDE3MDE0MzA3MzZ8&ixlib=rb-4.0.3&q=80&w=1080;7
34;https://images.unsplash.com/photo-1583426087887-accad2c41dc2?crop=entropy&cs=tinysrgb&fit=max&fm=jpg&ixid=M3w1MzUzODl8MHwxfHJhbmRvbXx8fHx8fHx8fDE3MDE0MzA3Mzd8&ixlib=rb-4.0.3&q=80&w=1080;7
35;https://images.unsplash.com/photo-1485842470182-a66d7d7214f0?crop=entropy&cs=tinysrgb&fit=max&fm=jpg&ixid=M3w1MzUzODl8MHwxfHJhbmRvbXx8fHx8fHx8fDE3MDE0MzA3Mzd8&ixlib=rb-4.0.3&q=80&w=1080;8
36;https://images.unsplash.com/photo-1628748243729-d4c0cd38b70c?crop=entropy&cs=tinysrgb&fit=max&fm=jpg&ixid=M3w1MzUzODl8MHwxfHJhbmRvbXx8fHx8fHx8fDE3MDE0MzA3Mzd8&ixlib=rb-4.0.3&q=80&w=1080;13
37;https://images.unsplash.com/photo-1633635183107-45c87949dc01?crop=entropy&cs=tinysrgb&fit=max&fm=jpg&ixid=M3w1MzUzODl8MHwxfHJhbmRvbXx8fHx8fHx8fDE3MDE0MzA3Mzh8&ixlib=rb-4.0.3&q=80&w=1080;37
38;https://images.unsplash.com/photo-1619285226803-ef20bd34ae50?crop=entropy&cs=tinysrgb&fit=max&fm=jpg&ixid=M3w1MzUzODl8MHwxfHJhbmRvbXx8fHx8fHx8fDE3MDE0MzA3Mzh8&ixlib=rb-4.0.3&q=80&w=1080;1
39;https://images.unsplash.com/photo-1550791752-97b2f57d2b15?crop=entropy&cs=tinysrgb&fit=max&fm=jpg&ixid=M3w1MzUzODl8MHwxfHJhbmRvbXx8fHx8fHx8fDE3MDE0MzA3Mzl8&ixlib=rb-4.0.3&q=80&w=1080;39
40;https://images.unsplash.com/photo-1502519098041-5e89e69f6c5f?crop=entropy&cs=tinysrgb&fit=max&fm=jpg&ixid=M3w1MzUzODl8MHwxfHJhbmRvbXx8fHx8fHx8fDE3MDE0MzA3Mzl8&ixlib=rb-4.0.3&q=80&w=1080;35
41;https://images.unsplash.com/photo-1578939662863-5cd416d45a69?crop=entropy&cs=tinysrgb&fit=max&fm=jpg&ixid=M3w1MzUzODl8MHwxfHJhbmRvbXx8fHx8fHx8fDE3MDE0MzA3NDB8&ixlib=rb-4.0.3&q=80&w=1080;19
42;https://images.unsplash.com/photo-1542387960-f8197d82db42?crop=entropy&cs=tinysrgb&fit=max&fm=jpg&ixid=M3w1MzUzODl8MHwxfHJhbmRvbXx8fHx8fHx8fDE3MDE0MzA3NDB8&ixlib=rb-4.0.3&q=80&w=1080;33
43;https://images.unsplash.com/photo-1616728562006-1b2e1c9d0b97?crop=entropy&cs=tinysrgb&fit=max&fm=jpg&ixid=M3w1MzUzODl8MHwxfHJhbmRvbXx8fHx8fHx8fDE3MDE0MzA3NDJ8&ixlib=rb-4.0.3&q=80&w=1080;20
44;https://images.unsplash.com/photo-1564860361-08843d8dc4e7?crop=entropy&cs=tinysrgb&fit=max&fm=jpg&ixid=M3w1MzUzODl8MHwxfHJhbmRvbXx8fHx8fHx8fDE3MDE0MzA3NDJ8&ixlib=rb-4.0.3&q=80&w=1080;24
45;https://images.unsplash.com/photo-1604025294964-409e2915553f?crop=entropy&cs=tinysrgb&fit=max&fm=jpg&ixid=M3w1MzUzODl8MHwxfHJhbmRvbXx8fHx8fHx8fDE3MDE0MzA3NDN8&ixlib=rb-4.0.3&q=80&w=1080;12
46;https://images.unsplash.com/photo-1614981242750-105550a2fe63?crop=entropy&cs=tinysrgb&fit=max&fm=jpg&ixid=M3w1MzUzODl8MHwxfHJhbmRvbXx8fHx8fHx8fDE3MDE0MzA3NDN8&ixlib=rb-4.0.3&q=80&w=1080;14
47;https://images.unsplash.com/photo-1614973476971-1680c4d2e95c?crop=entropy&cs=tinysrgb&fit=max&fm=jpg&ixid=M3w1MzUzODl8MHwxfHJhbmRvbXx8fHx8fHx8fDE3MDE0MzA3NDV8&ixlib=rb-4.0.3&q=80&w=1080;17
48;https://images.unsplash.com/photo-1603250883732-364a72036bf0?crop=entropy&cs=tinysrgb&fit=max&fm=jpg&ixid=M3w1MzUzODl8MHwxfHJhbmRvbXx8fHx8fHx8fDE3MDE0MzA3NDV8&ixlib=rb-4.0.3&q=80&w=1080;31
49;https://images.unsplash.com/photo-1636382685868-3e39e3e68988?crop=entropy&cs=tinysrgb&fit=max&fm=jpg&ixid=M3w1MzUzODl8MHwxfHJhbmRvbXx8fHx8fHx8fDE3MDE0MzA3NDZ8&ixlib=rb-4.0.3&q=80&w=1080;25
50;https://images.unsplash.com/photo-1648941446244-27f94eb29a16?crop=entropy&cs=tinysrgb&fit=max&fm=jpg&ixid=M3w1MzUzODl8MHwxfHJhbmRvbXx8fHx8fHx8fDE3MDE0MzA3NDZ8&ixlib=rb-4.0.3&q=80&w=1080;14
51;https://images.unsplash.com/photo-1611555600375-63c6d1e3b23d?crop=entropy&cs=tinysrgb&fit=max&fm=jpg&ixid=M3w1MzUzODl8MHwxfHJhbmRvbXx8fHx8fHx8fDE3MDE0MzA3NDd8&ixlib=rb-4.0.3&q=80&w=1080;7
52;https://images.unsplash.com/photo-1602522759875-68327ae3801e?crop=entropy&cs=tinysrgb&fit=max&fm=jpg&ixid=M3w1MzUzODl8MHwxfHJhbmRvbXx8fHx8fHx8fDE3MDE0MzA3NDd8&ixlib=rb-4.0.3&q=80&w=1080;14
53;https://images.unsplash.com/photo-1614968003255-208015b32187?crop=entropy&cs=tinysrgb&fit=max&fm=jpg&ixid=M3w1MzUzODl8MHwxfHJhbmRvbXx8fHx8fHx8fDE3MDE0MzA3NDh8&ixlib=rb-4.0.3&q=80&w=1080;6
54;https://images.unsplash.com/photo-1649162423191-6b34422e9646?crop=entropy&cs=tinysrgb&fit=max&fm=jpg&ixid=M3w1MzUzODl8MHwxfHJhbmRvbXx8fHx8fHx8fDE3MDE0MzA3NDh8&ixlib=rb-4.0.3&q=80&w=1080;15
55;https://images.unsplash.com/photo-1580679686201-06a3f085b372?crop=entropy&cs=tinysrgb&fit=max&fm=jpg&ixid=M3w1MzUzODl8MHwxfHJhbmRvbXx8fHx8fHx8fDE3MDE0MzA3NTB8&ixlib=rb-4.0.3&q=80&w=1080;17
56;https://images.unsplash.com/photo-1633635183107-45c87949dc01?crop=entropy&cs=tinysrgb&fit=max&fm=jpg&ixid=M3w1MzUzODl8MHwxfHJhbmRvbXx8fHx8fHx8fDE3MDE0MzA3NTB8&ixlib=rb-4.0.3&q=80&w=1080;10
57;https://images.unsplash.com/photo-1614963818571-2392cb9edf2f?crop=entropy&cs=tinysrgb&fit=max&fm=jpg&ixid=M3w1MzUzODl8MHwxfHJhbmRvbXx8fHx8fHx8fDE3MDE0MzA3NTF8&ixlib=rb-4.0.3&q=80&w=1080;5
58;https://images.unsplash.com/photo-1603831178199-3c425dcbaa1f?crop=entropy&cs=tinysrgb&fit=max&fm=jpg&ixid=M3w1MzUzODl8MHwxfHJhbmRvbXx8fHx8fHx8fDE3MDE0MzA3NTF8&ixlib=rb-4.0.3&q=80&w=1080;6
59;https://images.unsplash.com/photo-1649162423191-6b34422e9646?crop=entropy&cs=tinysrgb&fit=max&fm=jpg&ixid=M3w1MzUzODl8MHwxfHJhbmRvbXx8fHx8fHx8fDE3MDE0MzA3NTJ8&ixlib=rb-4.0.3&q=80&w=1080;8
60;https://images.unsplash.com/photo-1614960185082-93af8e5be94d?crop=entropy&cs=tinysrgb&fit=max&fm=jpg&ixid=M3w1MzUzODl8MHwxfHJhbmRvbXx8fHx8fHx8fDE3MDE0MzA3NTJ8&ixlib=rb-4.0.3&q=80&w=1080;8
